epoch,dice,fg_f1,fg_precision,fg_recall,loss
0,0.834525465965271,0.8345184326171875,0.7799064517021179,0.9315209984779358,0.08160685747861862
