epoch,dice,fg_f1,fg_precision,fg_recall,loss
0,0.7784742116928101,0.7784656286239624,0.6684187650680542,0.9867664575576782,0.11717640608549118
