epoch,dice,fg_f1,fg_precision,fg_recall,loss
0,0.585991621017456,0.5541439652442932,0.8333358764648438,0.4538227915763855,0.010752913542091846
