epoch,dice,fg_f1,fg_precision,fg_recall,loss
0,0.8404648900032043,0.8404581546783447,0.7604867219924927,0.9739611148834229,0.10107247531414032
