epoch,dice,fg_f1,fg_precision,fg_recall,loss
0,0.8859996795654297,0.8859943747520447,0.8893572092056274,0.9079179167747498,0.060012269765138626
