epoch,dice,fg_f1,fg_precision,fg_recall,loss
0,0.8649587631225586,0.8649526238441467,0.7767952084541321,0.9936292171478271,0.09567046165466309
