epoch,dice,fg_f1,fg_precision,fg_recall,loss
0,0.7062873840332031,0.6954270601272583,0.8000820875167847,0.6626249551773071,0.011176588013768196
