epoch,dice,fg_f1,fg_precision,fg_recall,loss
0,0.8030766844749451,0.8030685782432556,0.7355830669403076,0.938866913318634,0.1010095402598381
