epoch,dice,fg_f1,fg_precision,fg_recall,loss
0,0.7062671780586243,0.6844658255577087,0.8084997534751892,0.6625414490699768,0.013134177774190903
