epoch,dice,fg_f1,fg_precision,fg_recall,loss
0,0.8477768301963806,0.8477698564529419,0.7825769186019897,0.958122968673706,0.07979866862297058
