epoch,dice,fg_f1,fg_precision,fg_recall,loss
0,0.8665302991867065,0.8665241599082947,0.7821526527404785,0.9910460710525513,0.08067839592695236
