epoch,dice,fg_f1,fg_precision,fg_recall,loss
0,3.896183898177696e-06,0.0,0.0,0.0,0.6840630173683167
