epoch,dice,fg_f1,fg_precision,fg_recall,loss
0,0.8641207814216614,0.8641147017478943,0.7847387194633484,0.9799554347991943,0.0835801512002945
