epoch,dice,fg_f1,fg_precision,fg_recall,loss
0,0.8626238703727722,0.8626177310943604,0.782368004322052,0.985275387763977,0.07699289917945862
