epoch,dice,fg_f1,fg_precision,fg_recall,loss
0,0.017357124015688896,0.017356401309370995,0.008766505867242813,1.0,12.767101287841797
