epoch,dice,fg_f1,fg_precision,fg_recall,loss
0,0.8378238677978516,0.8378169536590576,0.7436951398849487,0.9847274422645569,0.09761156141757965
