epoch,dice,fg_f1,fg_precision,fg_recall,loss
0,0.818669855594635,0.8186622858047485,0.6994435787200928,0.9992596507072449,0.10453438758850098
