epoch,dice,fg_f1,fg_precision,fg_recall,loss
0,0.8557894229888916,0.8557829856872559,0.7716656923294067,0.9842084050178528,0.09775693714618683
