epoch,dice,fg_f1,fg_precision,fg_recall,loss
0,0.850619375705719,0.8506128191947937,0.8013782501220703,0.9332548975944519,0.13658542931079865
