epoch,dice,fg_f1,fg_precision,fg_recall,loss
0,0.8398984670639038,0.8398914933204651,0.7674925923347473,0.9679403901100159,0.08958161622285843
