epoch,dice,fg_f1,fg_precision,fg_recall,loss
0,0.8052470088005066,0.8052390217781067,0.6860319972038269,0.996896505355835,0.11681238561868668
