epoch,dice,fg_f1,fg_precision,fg_recall,loss
0,0.6151459217071533,0.5836567282676697,0.7950497269630432,0.5138962268829346,0.014137583784759045
