epoch,dice,fg_f1,fg_precision,fg_recall,loss
0,0.834125280380249,0.834118127822876,0.7350614666938782,0.9929158091545105,0.08558148890733719
