epoch,dice,fg_f1,fg_precision,fg_recall,loss
0,0.8347019553184509,0.8346948623657227,0.73362135887146,0.9817827939987183,0.09836509078741074
