epoch,dice,fg_f1,fg_precision,fg_recall,loss
0,0.8590092658996582,0.8590027689933777,0.8638400435447693,0.8957235813140869,0.07026030868291855
