epoch,dice,fg_f1,fg_precision,fg_recall,loss
0,2.574504651420284e-05,2.301082895428408e-05,1.1927043487958144e-05,0.00045700324699282646,0.6909960508346558
