epoch,dice,fg_f1,fg_precision,fg_recall,loss
0,0.8040758371353149,0.8040690422058105,0.7039647102355957,0.9979667663574219,0.10205338895320892
