epoch,dice,fg_f1,fg_precision,fg_recall,loss
0,0.8448323607444763,0.8448254466056824,0.7648860216140747,0.9782774448394775,0.08457349985837936
