epoch,dice,fg_f1,fg_precision,fg_recall,loss
0,0.8608272075653076,0.8608207106590271,0.8047563433647156,0.9636277556419373,0.074802465736866
