epoch,dice,fg_f1,fg_precision,fg_recall,loss
0,0.8633343577384949,0.8633283376693726,0.8130720257759094,0.9482710957527161,0.10136387497186661
