epoch,dice,fg_f1,fg_precision,fg_recall,loss
0,0.8800342082977295,0.8800287246704102,0.8262087106704712,0.9621821641921997,0.08808460086584091
