epoch,dice,fg_f1,fg_precision,fg_recall,loss
0,0.7940735816955566,0.7940650582313538,0.6971206068992615,0.9620089530944824,0.09168364852666855
