epoch,dice,fg_f1,fg_precision,fg_recall,loss
0,0.8108459115028381,0.810838520526886,0.7293468117713928,0.9677172899246216,0.1359786093235016
