epoch,dice,fg_f1,fg_precision,fg_recall,loss
0,0.823665976524353,0.8236586451530457,0.7220889925956726,0.9910538792610168,0.10970976948738098
