epoch,dice,fg_f1,fg_precision,fg_recall,loss
0,0.816972017288208,0.8169644474983215,0.7276674509048462,0.9785265922546387,0.11532324552536011
