epoch,dice,fg_f1,fg_precision,fg_recall,loss
0,0.8545846939086914,0.8545783162117004,0.7619476318359375,0.9933717250823975,0.08366380631923676
