epoch,dice,fg_f1,fg_precision,fg_recall,loss
0,0.7976807355880737,0.7976723313331604,0.7337374687194824,0.9076811671257019,0.07423102855682373
