epoch,dice,fg_f1,fg_precision,fg_recall,loss
0,0.8172917366027832,0.8172839283943176,0.7129014134407043,0.9864082336425781,0.09206204116344452
