epoch,dice,fg_f1,fg_precision,fg_recall,loss
0,0.8527336716651917,0.8527272939682007,0.7700435519218445,0.9865249991416931,0.1029043048620224
