epoch,dice,fg_f1,fg_precision,fg_recall,loss
0,0.8576961159706116,0.8576897382736206,0.7672383785247803,0.9933583736419678,0.10347560048103333
