epoch,dice,fg_f1,fg_precision,fg_recall,loss
0,0.8659080266952515,0.8659020066261292,0.7935655117034912,0.9763811826705933,0.07887988537549973
