epoch,dice,fg_f1,fg_precision,fg_recall,loss
0,0.8477671146392822,0.8477604985237122,0.7576600313186646,0.9886378049850464,0.08276330679655075
