epoch,dice,fg_f1,fg_precision,fg_recall,loss
0,0.5313092470169067,0.4886896312236786,0.8320595622062683,0.40817955136299133,0.014137700200080872
