epoch,dice,fg_f1,fg_precision,fg_recall,loss
0,0.8947378993034363,0.8947327733039856,0.8501831293106079,0.9624062776565552,0.07737169414758682
