epoch,dice,fg_f1,fg_precision,fg_recall,loss
0,0.8574238419532776,0.8574174046516418,0.7614018321037292,0.9967384338378906,0.11077846586704254
