epoch,dice,fg_f1,fg_precision,fg_recall,loss
0,0.8327642679214478,0.8327570557594299,0.7834712862968445,0.9432806372642517,0.08495697379112244
