epoch,dice,fg_f1,fg_precision,fg_recall,loss
0,0.7379835844039917,0.7379744648933411,0.6006733179092407,0.9980767369270325,0.15861007571220398
