epoch,dice,fg_f1,fg_precision,fg_recall,loss
0,0.7219125032424927,0.7014462351799011,0.8721290230751038,0.6469324231147766,0.024541102349758148
