epoch,dice,fg_f1,fg_precision,fg_recall,loss
0,0.8483548164367676,0.8483483195304871,0.7792531251907349,0.96195387840271,0.07087584584951401
