epoch,dice,fg_f1,fg_precision,fg_recall,loss
0,0.6220000982284546,0.6068609356880188,0.8046769499778748,0.5727030038833618,0.011148576624691486
