epoch,dice,fg_f1,fg_precision,fg_recall,loss
0,0.8649029731750488,0.8648967146873474,0.8467020988464355,0.919035017490387,0.07763861864805222
