epoch,dice,fg_f1,fg_precision,fg_recall,loss
0,0.8249179720878601,0.8249112367630005,0.7512266635894775,0.9646356105804443,0.10421272367238998
