epoch,dice,fg_f1,fg_precision,fg_recall,loss
0,0.8811495304107666,0.8811439275741577,0.8089926242828369,0.9802647829055786,0.07282393425703049
