epoch,dice,fg_f1,fg_precision,fg_recall,loss
0,0.6263708472251892,0.5729084610939026,0.8264230489730835,0.5208818316459656,0.037703633308410645
