epoch,dice,fg_f1,fg_precision,fg_recall,loss
0,0.8423143029212952,0.8423077464103699,0.7499486207962036,0.9875345230102539,0.09940904378890991
