epoch,dice,fg_f1,fg_precision,fg_recall,loss
0,0.8644154071807861,0.8644092082977295,0.7773704528808594,0.9902845025062561,0.09407356381416321
