epoch,dice,fg_f1,fg_precision,fg_recall,loss
0,0.8619442582130432,0.8619378805160522,0.7963031530380249,0.9699366092681885,0.07210540026426315
