epoch,dice,fg_f1,fg_precision,fg_recall,loss
0,0.7958996295928955,0.7958914041519165,0.669195294380188,0.9984090328216553,0.1183542013168335
