epoch,dice,fg_f1,fg_precision,fg_recall,loss
0,0.8315644264221191,0.8315573334693909,0.7524803280830383,0.9788113832473755,0.09428529441356659
