epoch,dice,fg_f1,fg_precision,fg_recall,loss
0,0.8599280714988708,0.8599215745925903,0.7716950178146362,0.9845445156097412,0.09504970908164978
