epoch,dice,fg_f1,fg_precision,fg_recall,loss
0,0.8576431274414062,0.8576367497444153,0.7782203555107117,0.9765430092811584,0.09502074122428894
