epoch,dice,fg_f1,fg_precision,fg_recall,loss
0,0.8582227826118469,0.8582162857055664,0.7711797952651978,0.9870560169219971,0.10848190635442734
