epoch,dice,fg_f1,fg_precision,fg_recall,loss
0,0.8468034267425537,0.8467967510223389,0.7455384731292725,0.9974762797355652,0.09819898754358292
