epoch,dice,fg_f1,fg_precision,fg_recall,loss
0,0.7897389531135559,0.7897310256958008,0.6889244318008423,0.9856478571891785,0.13373756408691406
