epoch,dice,fg_f1,fg_precision,fg_recall,loss
0,0.8920139670372009,0.8920087814331055,0.8304764032363892,0.9827044010162354,0.07183495163917542
