epoch,dice,fg_f1,fg_precision,fg_recall,loss
0,0.8342404961585999,0.8342337012290955,0.7576180100440979,0.973876416683197,0.08870682120323181
