epoch,dice,fg_f1,fg_precision,fg_recall,loss
0,0.7998098731040955,0.7998019456863403,0.6942036151885986,0.9821517467498779,0.10973268002271652
