epoch,dice,fg_f1,fg_precision,fg_recall,loss
0,0.8739241361618042,0.8739182949066162,0.788793683052063,0.9929907321929932,0.07827987521886826
