epoch,dice,fg_f1,fg_precision,fg_recall,loss
0,0.8609551191329956,0.8609488606452942,0.7735150456428528,0.9845077991485596,0.08624399453401566
