epoch,dice,fg_f1,fg_precision,fg_recall,loss
0,0.866415798664093,0.8664095401763916,0.8161797523498535,0.9563641548156738,0.0995337963104248
