epoch,dice,fg_f1,fg_precision,fg_recall,loss
0,0.8411823511123657,0.8411754369735718,0.7517048120498657,0.984221875667572,0.10801199078559875
