epoch,dice,fg_f1,fg_precision,fg_recall,loss
0,0.8914580941200256,0.8914529085159302,0.8201250433921814,0.9889379143714905,0.0809725821018219
