epoch,dice,fg_f1,fg_precision,fg_recall,loss
0,0.8798816204071045,0.8798760175704956,0.8097203969955444,0.9807721376419067,0.10027553886175156
