epoch,dice,fg_f1,fg_precision,fg_recall,loss
0,0.02443796582520008,0.024436891078948975,0.012403327971696854,0.9519058465957642,8.853848457336426
