epoch,dice,fg_f1,fg_precision,fg_recall,loss
0,0.8164389133453369,0.8164313435554504,0.7071519494056702,0.9903384447097778,0.08281334489583969
