epoch,dice,fg_f1,fg_precision,fg_recall,loss
0,0.8666085004806519,0.8666024804115295,0.782673180103302,0.9847211837768555,0.07825204730033875
