epoch,dice,fg_f1,fg_precision,fg_recall,loss
0,0.7666983008384705,0.7666892409324646,0.6403021812438965,0.9924435615539551,0.10416586697101593
