epoch,dice,fg_f1,fg_precision,fg_recall,loss
0,0.8448355197906494,0.8448286652565002,0.7962329387664795,0.9388098120689392,0.09068834781646729
