epoch,dice,fg_f1,fg_precision,fg_recall,loss
0,0.8308584690093994,0.8308517932891846,0.768648624420166,0.9592344760894775,0.09749047458171844
