epoch,dice,fg_f1,fg_precision,fg_recall,loss
0,0.8095493912696838,0.8095414638519287,0.6877156496047974,0.9989088773727417,0.10155440121889114
