epoch,dice,fg_f1,fg_precision,fg_recall,loss
0,0.8561564087867737,0.8561499714851379,0.7661612033843994,0.9895316362380981,0.08148273080587387
