epoch,dice,fg_f1,fg_precision,fg_recall,loss
0,0.8790758848190308,0.8790702819824219,0.8194223642349243,0.9765732884407043,0.09176477789878845
