epoch,dice,fg_f1,fg_precision,fg_recall,loss
0,0.8641102910041809,0.8641040325164795,0.7774934768676758,0.9894643425941467,0.07730533927679062
