epoch,dice,fg_f1,fg_precision,fg_recall,loss
0,0.8163782954216003,0.8163709044456482,0.7252964973449707,0.9801799654960632,0.09677087515592575
