epoch,dice,fg_f1,fg_precision,fg_recall,loss
0,0.8370480537414551,0.837040901184082,0.7549501061439514,0.9778968691825867,0.0891723483800888
