epoch,dice,fg_f1,fg_precision,fg_recall,loss
0,0.8214606642723083,0.726616382598877,0.6942649483680725,0.7906096577644348,0.011608828790485859
