epoch,dice,fg_f1,fg_precision,fg_recall,loss
0,0.8431298136711121,0.8431230187416077,0.7410194873809814,0.9978753328323364,0.08859454840421677
