epoch,dice,fg_f1,fg_precision,fg_recall,loss
0,0.7172510027885437,0.6650168299674988,0.8163926005363464,0.6010352373123169,0.011004208587110043
