epoch,dice,fg_f1,fg_precision,fg_recall,loss
0,0.8320038318634033,0.8319970369338989,0.7765686511993408,0.9496967792510986,0.09633596986532211
