epoch,dice,fg_f1,fg_precision,fg_recall,loss
0,0.8728424310684204,0.8728364706039429,0.8136268258094788,0.9649629592895508,0.08260566741228104
