epoch,dice,fg_f1,fg_precision,fg_recall,loss
0,0.8647575378417969,0.8647512197494507,0.8356884717941284,0.9305818676948547,0.07101515680551529
