epoch,dice,fg_f1,fg_precision,fg_recall,loss
0,0.8862563967704773,0.8862508535385132,0.828197717666626,0.9730122089385986,0.10461382567882538
