epoch,dice,fg_f1,fg_precision,fg_recall,loss
0,0.019123760983347893,0.019122960045933723,0.009670084342360497,0.9896416664123535,11.340592384338379
