epoch,dice,fg_f1,fg_precision,fg_recall,loss
0,0.8748211860656738,0.8748153448104858,0.8308860659599304,0.9508864283561707,0.0999809131026268
