epoch,dice,fg_f1,fg_precision,fg_recall,loss
0,0.8501825928688049,0.8501760959625244,0.7859729528427124,0.9614050388336182,0.08338771015405655
