epoch,dice,fg_f1,fg_precision,fg_recall,loss
0,0.8101738691329956,0.8101658821105957,0.725983202457428,0.9512782692909241,0.104590505361557
