epoch,dice,fg_f1,fg_precision,fg_recall,loss
0,0.6802594661712646,0.657117486000061,0.8936488032341003,0.5547223687171936,0.01949174888432026
