epoch,dice,fg_f1,fg_precision,fg_recall,loss
0,0.8463442325592041,0.8463373184204102,0.7679033279418945,0.9782960414886475,0.10914662480354309
