epoch,dice,fg_f1,fg_precision,fg_recall,loss
0,0.8360050916671753,0.8359981179237366,0.7664934992790222,0.9558778405189514,0.12579479813575745
