epoch,dice,fg_f1,fg_precision,fg_recall,loss
0,0.8323572278022766,0.8323500752449036,0.7415300607681274,0.9845816493034363,0.08226817846298218
