epoch,dice,fg_f1,fg_precision,fg_recall,loss
0,0.8444153666496277,0.8444087505340576,0.7592385411262512,0.9844913482666016,0.11066533625125885
