epoch,dice,fg_f1,fg_precision,fg_recall,loss
0,0.8521460890769958,0.8521392941474915,0.8122754096984863,0.9377831816673279,0.07089115679264069
