epoch,dice,fg_f1,fg_precision,fg_recall,loss
0,0.8343604803085327,0.7341679334640503,0.7576359510421753,0.8002756834030151,0.013666748069226742
