epoch,dice,fg_f1,fg_precision,fg_recall,loss
0,0.8136348724365234,0.8136273622512817,0.7157005071640015,0.9821577072143555,0.10859302431344986
