epoch,dice,fg_f1,fg_precision,fg_recall,loss
0,0.04259004443883896,0.04258375242352486,0.022505516186356544,0.6609408855438232,0.6851508617401123
