epoch,dice,fg_f1,fg_precision,fg_recall,loss
0,0.8171459436416626,0.8171381950378418,0.7318944931030273,0.9660939574241638,0.09003704786300659
