epoch,dice,fg_f1,fg_precision,fg_recall,loss
0,0.8502803444862366,0.850273847579956,0.7570827007293701,0.9883812665939331,0.06580173224210739
