epoch,dice,fg_f1,fg_precision,fg_recall,loss
0,0.8057381510734558,0.6881812810897827,0.7664962410926819,0.7041253447532654,0.015725482255220413
