epoch,dice,fg_f1,fg_precision,fg_recall,loss
0,0.870486855506897,0.8704808950424194,0.7893711924552917,0.9863232374191284,0.07122494280338287
