epoch,dice,fg_f1,fg_precision,fg_recall,loss
0,0.7905974984169006,0.7905893325805664,0.6923413276672363,0.9764899015426636,0.1137470230460167
