epoch,dice,fg_f1,fg_precision,fg_recall,loss
0,0.7654478549957275,0.7654386162757874,0.6752216219902039,0.9376555681228638,0.1231725886464119
