epoch,dice,fg_f1,fg_precision,fg_recall,loss
0,0.8481185436248779,0.8481119275093079,0.7678082585334778,0.9706315994262695,0.0960020124912262
