epoch,dice,fg_f1,fg_precision,fg_recall,loss
0,0.8977257609367371,0.8977207541465759,0.8487208485603333,0.9747187495231628,0.07372507452964783
