epoch,dice,fg_f1,fg_precision,fg_recall,loss
0,0.859134316444397,0.8591278791427612,0.7785208225250244,0.9776618480682373,0.09679698944091797
