epoch,dice,fg_f1,fg_precision,fg_recall,loss
0,0.8807318210601807,0.8807256817817688,0.842525839805603,0.940543532371521,0.0512528233230114
