epoch,dice,fg_f1,fg_precision,fg_recall,loss
0,0.8725000023841858,0.872494101524353,0.8077247142791748,0.9700536727905273,0.09383076429367065
